<?xml version="1.0" encoding="UTF-8"?>
<project-private xmlns="http://www.netbeans.org/ns/project-private/1">
    <editor-bookmarks xmlns="http://www.netbeans.org/ns/editor-bookmarks/2" lastBookmarkId="0"/>
    <open-files xmlns="http://www.netbeans.org/ns/projectui-open-files/2">
        <group>
            <file>file:/C:/Users/Asus/Documents/NetBeansProjects/EMS_TAILORING/EMS_TAILORING/src/ems_tailoring/LOGIN.java</file>
            <file>file:/C:/Users/Asus/Documents/NetBeansProjects/EMS_TAILORING/EMS_TAILORING/src/ems_tailoring/FCus.java</file>
            <file>file:/C:/Users/Asus/Documents/NetBeansProjects/EMS_TAILORING/EMS_TAILORING/src/ems_tailoring/Customer.java</file>
            <file>file:/C:/Users/Asus/Documents/NetBeansProjects/EMS_TAILORING/EMS_TAILORING/src/ems_tailoring/MCustomer.java</file>
            <file>file:/C:/Users/Asus/Documents/NetBeansProjects/EMS_TAILORING/EMS_TAILORING/src/ems_tailoring/FCustomer.java</file>
            <file>file:/C:/Users/Asus/Documents/NetBeansProjects/EMS_TAILORING/EMS_TAILORING/src/ems_tailoring/Measure.java</file>
            <file>file:/C:/Users/Asus/Documents/NetBeansProjects/EMS_TAILORING/EMS_TAILORING/src/ems_tailoring/Customers.java</file>
            <file>file:/C:/Users/Asus/Documents/NetBeansProjects/EMS_TAILORING/EMS_TAILORING/src/ems_tailoring/MCus.java</file>
            <file>file:/C:/Users/Asus/Documents/NetBeansProjects/EMS_TAILORING/EMS_TAILORING/src/ems_tailoring/Orders.java</file>
            <file>file:/C:/Users/Asus/Documents/NetBeansProjects/EMS_TAILORING/EMS_TAILORING/src/ems_tailoring/Products.java</file>
            <file>file:/C:/Users/Asus/Documents/NetBeansProjects/EMS_TAILORING/EMS_TAILORING/src/ems_tailoring/Order1.java</file>
            <file>file:/C:/Users/Asus/Documents/NetBeansProjects/EMS_TAILORING/EMS_TAILORING/src/ems_tailoring/Tailor.java</file>
            <file>file:/C:/Users/Asus/Documents/NetBeansProjects/EMS_TAILORING/EMS_TAILORING/src/ems_tailoring/EMSTailoring.java</file>
            <file>file:/C:/Users/Asus/Documents/NetBeansProjects/EMS_TAILORING/EMS_TAILORING/src/ems_tailoring/ConnectMSSQL.java</file>
            <file>file:/C:/Users/Asus/Documents/NetBeansProjects/EMS_TAILORING/EMS_TAILORING/src/ems_tailoring/Product.java</file>
            <file>file:/C:/Users/Asus/Documents/NetBeansProjects/EMS_TAILORING/EMS_TAILORING/src/ems_tailoring/HomePage.java</file>
            <file>file:/C:/Users/Asus/Documents/NetBeansProjects/EMS_TAILORING/EMS_TAILORING/src/ems_tailoring/TailorsInfo.java</file>
            <file>file:/C:/Users/Asus/Documents/NetBeansProjects/EMS_TAILORING/EMS_TAILORING/src/ems_tailoring/Measurements.java</file>
        </group>
    </open-files>
</project-private>
